from,Activity type,Data
2023-02-11 06:30:00,Strength training,"{""effduration"": 2617, ""distance"": 6.54, ""calories"": 427}"
2023-02-11 06:50:00,Strength training,"{""effduration"": 2348, ""distance"": 6.12, ""calories"": 504}"
2023-02-22 19:50:00,Swimming,"{""effduration"": 3987, ""distance"": 5.98, ""calories"": 351}"
2023-02-23 06:10:00,Walking,"{""effduration"": 2177, ""distance"": 7.45, ""calories"": 455}"
2023-02-24 18:30:00,Walking,"{""effduration"": 2930, ""distance"": 5.82, ""calories"": 476}"
2023-02-25 17:20:00,Walking,"{""effduration"": 2595, ""distance"": 6.73, ""calories"": 348}"
2023-02-25 06:30:00,Strength training,"{""effduration"": 2290, ""distance"": 4.53, ""calories"": 297}"
2023-02-27 17:40:00,Cycling,"{""effduration"": 2929, ""distance"": 2.2, ""calories"": 477}"
2023-02-28 08:50:00,Running,"{""effduration"": 3753, ""distance"": 7.04, ""calories"": 506}"
2023-02-28 08:00:00,Yoga,"{""effduration"": 3374, ""distance"": 5.09, ""calories"": 261}"
2023-03-03 18:10:00,Cycling,"{""effduration"": 2514, ""distance"": 4.78, ""calories"": 246}"
2023-03-04 19:40:00,Walking,"{""effduration"": 2725, ""distance"": 5.77, ""calories"": 292}"
2023-03-06 17:20:00,Cycling,"{""effduration"": 2020, ""distance"": 3.48, ""calories"": 271}"
2023-03-08 07:50:00,Strength training,"{""effduration"": 1840, ""distance"": 7.65, ""calories"": 380}"
2023-03-09 07:00:00,Swimming,"{""effduration"": 2667, ""distance"": 3.83, ""calories"": 218}"
2023-03-14 08:00:00,Yoga,"{""effduration"": 2040, ""distance"": 5.75, ""calories"": 192}"
2023-03-18 18:10:00,Strength training,"{""effduration"": 3727, ""distance"": 6.53, ""calories"": 553}"
2023-03-19 19:40:00,Hiking,"{""effduration"": 3947, ""distance"": 2.39, ""calories"": 140}"
2023-03-20 17:10:00,Hiking,"{""effduration"": 2748, ""distance"": 4.08, ""calories"": 248}"
2023-03-20 17:00:00,Cycling,"{""effduration"": 3065, ""distance"": 5.53, ""calories"": 225}"
2023-03-21 08:50:00,Strength training,"{""effduration"": 2739, ""distance"": 6.3, ""calories"": 435}"
2023-03-23 06:20:00,Hiking,"{""effduration"": 3361, ""distance"": 3.74, ""calories"": 593}"
2023-03-23 07:50:00,Cycling,"{""effduration"": 3722, ""distance"": 5.74, ""calories"": 364}"
2023-03-24 18:50:00,Running,"{""effduration"": 970, ""distance"": 5.84, ""calories"": 548}"
2023-03-26 17:30:00,Yoga,"{""effduration"": 2894, ""distance"": 3.6, ""calories"": 269}"
2023-03-26 19:40:00,Walking,"{""effduration"": 2767, ""distance"": 10.34, ""calories"": 194}"
2023-03-28 08:00:00,Hiking,"{""effduration"": 1834, ""distance"": 5.16, ""calories"": 397}"
2023-03-29 08:00:00,Swimming,"{""effduration"": 1716, ""distance"": 4.01, ""calories"": 197}"
2023-03-30 07:50:00,Running,"{""effduration"": 3290, ""distance"": 1.89, ""calories"": 239}"
2023-03-31 08:30:00,Walking,"{""effduration"": 3103, ""distance"": 6.85, ""calories"": 406}"
2023-04-03 18:50:00,Swimming,"{""effduration"": 2067, ""distance"": 2.38, ""calories"": 414}"
2023-04-05 06:30:00,Swimming,"{""effduration"": 3235, ""distance"": 2.74, ""calories"": 674}"
2023-04-06 08:00:00,Running,"{""effduration"": 2169, ""distance"": 5.77, ""calories"": 379}"
2023-04-07 08:50:00,Yoga,"{""effduration"": 1892, ""distance"": 5.28, ""calories"": 468}"
2023-04-13 18:50:00,Hiking,"{""effduration"": 2645, ""distance"": 6.54, ""calories"": 349}"
2023-04-14 19:40:00,Yoga,"{""effduration"": 2884, ""distance"": 5.48, ""calories"": 356}"
2023-04-18 08:10:00,Cycling,"{""effduration"": 4263, ""distance"": 4.41, ""calories"": 307}"
2023-04-20 18:40:00,Swimming,"{""effduration"": 3122, ""distance"": 6.05, ""calories"": 375}"
2023-04-26 07:40:00,Yoga,"{""effduration"": 2708, ""distance"": 6.59, ""calories"": 349}"
2023-04-29 07:00:00,Yoga,"{""effduration"": 3009, ""distance"": 4.76, ""calories"": 405}"
2023-04-29 07:20:00,Hiking,"{""effduration"": 1402, ""distance"": 2.13, ""calories"": 462}"
2023-05-04 18:20:00,Yoga,"{""effduration"": 1350, ""distance"": 2.04, ""calories"": 233}"
2023-05-07 18:40:00,Swimming,"{""effduration"": 3608, ""distance"": 4.26, ""calories"": 419}"
2023-05-14 06:00:00,Yoga,"{""effduration"": 2451, ""distance"": 5.17, ""calories"": 347}"
2023-05-14 19:50:00,Yoga,"{""effduration"": 3173, ""distance"": 4.1, ""calories"": 408}"
2023-05-16 19:50:00,Running,"{""effduration"": 4043, ""distance"": 3.05, ""calories"": 348}"
2023-05-25 17:20:00,Walking,"{""effduration"": 2012, ""distance"": 9.73, ""calories"": 388}"
2023-05-30 19:40:00,Running,"{""effduration"": 2849, ""distance"": 3.66, ""calories"": 219}"
2023-06-05 17:20:00,Hiking,"{""effduration"": 2970, ""distance"": 4.14, ""calories"": 352}"
2023-06-08 18:00:00,Strength training,"{""effduration"": 1593, ""distance"": 4.58, ""calories"": 140}"
2023-06-08 07:10:00,Swimming,"{""effduration"": 3535, ""distance"": 3.82, ""calories"": 140}"
2023-06-13 07:30:00,Strength training,"{""effduration"": 3690, ""distance"": 5.65, ""calories"": 212}"
2023-06-14 08:40:00,Strength training,"{""effduration"": 2328, ""distance"": 4.54, ""calories"": 419}"
2023-06-14 19:10:00,Cycling,"{""effduration"": 3955, ""distance"": 6.62, ""calories"": 315}"
2023-06-15 08:20:00,Running,"{""effduration"": 3450, ""distance"": 5.75, ""calories"": 258}"
2023-06-18 19:30:00,Cycling,"{""effduration"": 4071, ""distance"": 5.22, ""calories"": 448}"
2023-06-18 06:10:00,Running,"{""effduration"": 1655, ""distance"": 5.99, ""calories"": 298}"
2023-06-19 19:30:00,Yoga,"{""effduration"": 2339, ""distance"": 5.09, ""calories"": 204}"
2023-06-19 18:30:00,Walking,"{""effduration"": 2664, ""distance"": 5.94, ""calories"": 296}"
2023-06-22 18:40:00,Yoga,"{""effduration"": 2496, ""distance"": 6.13, ""calories"": 357}"
2023-06-24 06:40:00,Running,"{""effduration"": 2342, ""distance"": 5.85, ""calories"": 264}"
2023-06-24 08:10:00,Hiking,"{""effduration"": 1539, ""distance"": 3.66, ""calories"": 327}"
2023-06-29 17:10:00,Yoga,"{""effduration"": 3183, ""distance"": 4.2, ""calories"": 432}"
2023-06-30 17:50:00,Yoga,"{""effduration"": 1758, ""distance"": 3.15, ""calories"": 374}"
2023-07-01 18:40:00,Strength training,"{""effduration"": 1881, ""distance"": 3.61, ""calories"": 562}"
2023-07-03 19:00:00,Yoga,"{""effduration"": 1496, ""distance"": 5.1, ""calories"": 389}"
2023-07-09 17:30:00,Cycling,"{""effduration"": 3710, ""distance"": 7.44, ""calories"": 381}"
2023-07-10 07:50:00,Swimming,"{""effduration"": 2709, ""distance"": 6.06, ""calories"": 255}"
2023-07-10 07:40:00,Yoga,"{""effduration"": 5444, ""distance"": 5.22, ""calories"": 181}"
2023-07-12 07:30:00,Yoga,"{""effduration"": 2464, ""distance"": 5.31, ""calories"": 527}"
2023-07-14 08:30:00,Cycling,"{""effduration"": 1961, ""distance"": 6.28, ""calories"": 502}"
2023-07-17 18:00:00,Yoga,"{""effduration"": 3589, ""distance"": 4.7, ""calories"": 445}"
2023-07-19 07:40:00,Walking,"{""effduration"": 1867, ""distance"": 6.05, ""calories"": 186}"
2023-07-19 19:00:00,Cycling,"{""effduration"": 2090, ""distance"": 0.8, ""calories"": 406}"
2023-07-21 08:50:00,Running,"{""effduration"": 3639, ""distance"": 5.85, ""calories"": 518}"
2023-07-24 18:00:00,Running,"{""effduration"": 3828, ""distance"": 3.46, ""calories"": 297}"
2023-07-31 08:10:00,Cycling,"{""effduration"": 2977, ""distance"": 3.42, ""calories"": 369}"
2023-08-01 08:20:00,Hiking,"{""effduration"": 3075, ""distance"": 6.79, ""calories"": 268}"
2023-08-03 06:50:00,Swimming,"{""effduration"": 3640, ""distance"": 2.23, ""calories"": 306}"
2023-08-03 19:30:00,Walking,"{""effduration"": 2228, ""distance"": 3.34, ""calories"": 567}"
2023-08-05 07:40:00,Walking,"{""effduration"": 3559, ""distance"": 7.14, ""calories"": 384}"
2023-08-07 07:00:00,Cycling,"{""effduration"": 4102, ""distance"": 5.24, ""calories"": 219}"
2023-08-08 07:40:00,Strength training,"{""effduration"": 2276, ""distance"": 5.53, ""calories"": 443}"
2023-08-11 07:30:00,Strength training,"{""effduration"": 3880, ""distance"": 3.82, ""calories"": 239}"
2023-08-18 07:20:00,Cycling,"{""effduration"": 2452, ""distance"": 3.36, ""calories"": 341}"
2023-08-19 18:10:00,Cycling,"{""effduration"": 2660, ""distance"": 4.66, ""calories"": 362}"
2023-08-19 18:50:00,Cycling,"{""effduration"": 2564, ""distance"": 5.73, ""calories"": 205}"
2023-08-20 19:30:00,Yoga,"{""effduration"": 2390, ""distance"": 8.68, ""calories"": 488}"
2023-08-22 17:40:00,Swimming,"{""effduration"": 3556, ""distance"": 3.81, ""calories"": 327}"
2023-08-22 19:50:00,Hiking,"{""effduration"": 1047, ""distance"": 5.42, ""calories"": 224}"
2023-08-23 17:10:00,Hiking,"{""effduration"": 1552, ""distance"": 4.38, ""calories"": 404}"
2023-08-29 08:00:00,Yoga,"{""effduration"": 2939, ""distance"": 3.91, ""calories"": 305}"
2023-09-04 08:00:00,Hiking,"{""effduration"": 3030, ""distance"": 0.95, ""calories"": 416}"
2023-09-06 06:30:00,Strength training,"{""effduration"": 3011, ""distance"": 2.08, ""calories"": 311}"
2023-09-07 17:50:00,Walking,"{""effduration"": 1772, ""distance"": 1.21, ""calories"": 287}"
2023-09-13 17:50:00,Strength training,"{""effduration"": 1630, ""distance"": 6.82, ""calories"": 355}"
2023-09-15 06:00:00,Yoga,"{""effduration"": 2680, ""distance"": 6.02, ""calories"": 348}"
2023-09-16 19:20:00,Running,"{""effduration"": 4090, ""distance"": 8.39, ""calories"": 271}"
2023-09-17 17:50:00,Hiking,"{""effduration"": 2851, ""distance"": 7.41, ""calories"": 233}"
2023-09-18 18:30:00,Strength training,"{""effduration"": 2710, ""distance"": 4.77, ""calories"": 248}"
2023-09-19 07:10:00,Walking,"{""effduration"": 3680, ""distance"": 5.01, ""calories"": 397}"
2023-09-19 07:40:00,Swimming,"{""effduration"": 2578, ""distance"": 6.42, ""calories"": 418}"
2023-09-20 08:10:00,Strength training,"{""effduration"": 1845, ""distance"": 5.76, ""calories"": 467}"
2023-09-20 17:20:00,Hiking,"{""effduration"": 3490, ""distance"": 5.74, ""calories"": 317}"
2023-09-26 18:40:00,Walking,"{""effduration"": 2343, ""distance"": 2.02, ""calories"": 482}"
2023-09-30 19:10:00,Hiking,"{""effduration"": 2805, ""distance"": 3.47, ""calories"": 412}"
2023-10-03 07:00:00,Cycling,"{""effduration"": 2572, ""distance"": 6.82, ""calories"": 367}"
2023-10-04 07:40:00,Hiking,"{""effduration"": 3396, ""distance"": 5.7, ""calories"": 150}"
2023-10-04 07:40:00,Running,"{""effduration"": 2699, ""distance"": 4.78, ""calories"": 518}"
2023-10-06 08:00:00,Yoga,"{""effduration"": 4047, ""distance"": 3.58, ""calories"": 503}"
2023-10-08 19:20:00,Cycling,"{""effduration"": 2522, ""distance"": 3.07, ""calories"": 345}"
2023-10-10 06:00:00,Strength training,"{""effduration"": 3214, ""distance"": 5.23, ""calories"": 317}"
2023-10-12 18:50:00,Walking,"{""effduration"": 2222, ""distance"": 5.01, ""calories"": 140}"
2023-10-12 17:00:00,Cycling,"{""effduration"": 3134, ""distance"": 6.13, ""calories"": 471}"
2023-10-14 17:40:00,Yoga,"{""effduration"": 3328, ""distance"": 3.87, ""calories"": 341}"
2023-10-14 08:40:00,Swimming,"{""effduration"": 3216, ""distance"": 5.68, ""calories"": 303}"
2023-10-16 08:40:00,Strength training,"{""effduration"": 2603, ""distance"": 6.61, ""calories"": 318}"
2023-10-17 08:00:00,Running,"{""effduration"": 2873, ""distance"": 5.11, ""calories"": 236}"
2023-10-20 17:10:00,Running,"{""effduration"": 3024, ""distance"": 4.42, ""calories"": 256}"
2023-10-21 17:00:00,Walking,"{""effduration"": 3218, ""distance"": 0.8, ""calories"": 200}"
2023-10-22 08:30:00,Yoga,"{""effduration"": 4076, ""distance"": 3.47, ""calories"": 320}"
2023-10-22 08:10:00,Walking,"{""effduration"": 1048, ""distance"": 4.03, ""calories"": 374}"
2023-10-23 06:50:00,Cycling,"{""effduration"": 3744, ""distance"": 0.8, ""calories"": 586}"
2023-10-24 19:20:00,Running,"{""effduration"": 3556, ""distance"": 4.69, ""calories"": 161}"
2023-10-24 19:10:00,Strength training,"{""effduration"": 1762, ""distance"": 5.05, ""calories"": 503}"
2023-10-25 08:10:00,Yoga,"{""effduration"": 2650, ""distance"": 6.79, ""calories"": 520}"
2023-10-28 07:50:00,Swimming,"{""effduration"": 3518, ""distance"": 4.08, ""calories"": 278}"
2023-10-28 17:30:00,Cycling,"{""effduration"": 2729, ""distance"": 1.65, ""calories"": 372}"
2023-10-29 07:40:00,Hiking,"{""effduration"": 2496, ""distance"": 3.16, ""calories"": 380}"
2023-11-03 08:50:00,Running,"{""effduration"": 2739, ""distance"": 5.15, ""calories"": 472}"
2023-11-04 17:40:00,Cycling,"{""effduration"": 3327, ""distance"": 2.18, ""calories"": 345}"
2023-11-05 07:50:00,Hiking,"{""effduration"": 2867, ""distance"": 6.83, ""calories"": 213}"
2023-11-06 07:40:00,Hiking,"{""effduration"": 2011, ""distance"": 4.84, ""calories"": 162}"
2023-11-06 06:40:00,Running,"{""effduration"": 1527, ""distance"": 4.87, ""calories"": 433}"
2023-11-08 18:10:00,Strength training,"{""effduration"": 2771, ""distance"": 5.93, ""calories"": 340}"
2023-11-08 19:50:00,Hiking,"{""effduration"": 3900, ""distance"": 5.58, ""calories"": 252}"
2023-11-10 17:30:00,Strength training,"{""effduration"": 3156, ""distance"": 7.02, ""calories"": 462}"
2023-11-13 18:00:00,Hiking,"{""effduration"": 2994, ""distance"": 2.65, ""calories"": 240}"
2023-11-14 18:00:00,Running,"{""effduration"": 1718, ""distance"": 3.24, ""calories"": 241}"
2023-11-16 18:40:00,Hiking,"{""effduration"": 1688, ""distance"": 6.45, ""calories"": 248}"
2023-11-20 18:20:00,Yoga,"{""effduration"": 3493, ""distance"": 7.98, ""calories"": 343}"
2023-11-22 17:10:00,Running,"{""effduration"": 3478, ""distance"": 1.84, ""calories"": 283}"
2023-11-23 17:20:00,Hiking,"{""effduration"": 2395, ""distance"": 3.62, ""calories"": 260}"
2023-11-27 06:10:00,Walking,"{""effduration"": 1071, ""distance"": 4.31, ""calories"": 465}"
2023-11-28 18:00:00,Hiking,"{""effduration"": 2322, ""distance"": 4.5, ""calories"": 330}"
2023-11-29 18:20:00,Walking,"{""effduration"": 4084, ""distance"": 5.11, ""calories"": 327}"
2023-11-30 08:10:00,Yoga,"{""effduration"": 2332, ""distance"": 5.72, ""calories"": 313}"
2023-11-30 06:30:00,Running,"{""effduration"": 2499, ""distance"": 7.37, ""calories"": 243}"
2023-12-01 07:50:00,Yoga,"{""effduration"": 1648, ""distance"": 4.81, ""calories"": 557}"
2023-12-07 08:40:00,Hiking,"{""effduration"": 2420, ""distance"": 4.49, ""calories"": 496}"
2023-12-07 18:30:00,Hiking,"{""effduration"": 4129, ""distance"": 3.45, ""calories"": 185}"
2023-12-08 07:10:00,Swimming,"{""effduration"": 2111, ""distance"": 6.52, ""calories"": 276}"
2023-12-09 18:40:00,Walking,"{""effduration"": 3715, ""distance"": 2.72, ""calories"": 314}"
2023-12-10 07:30:00,Cycling,"{""effduration"": 1817, ""distance"": 4.89, ""calories"": 305}"
2023-12-10 08:10:00,Walking,"{""effduration"": 4134, ""distance"": 4.32, ""calories"": 431}"
2023-12-12 06:40:00,Running,"{""effduration"": 1220, ""distance"": 3.39, ""calories"": 497}"
2023-12-12 17:20:00,Hiking,"{""effduration"": 2553, ""distance"": 4.83, ""calories"": 444}"
2023-12-14 07:40:00,Cycling,"{""effduration"": 3942, ""distance"": 6.29, ""calories"": 409}"
2023-12-18 19:00:00,Swimming,"{""effduration"": 2050, ""distance"": 6.78, ""calories"": 285}"
2023-12-21 17:20:00,Hiking,"{""effduration"": 2589, ""distance"": 3.42, ""calories"": 198}"
2023-12-24 08:50:00,Walking,"{""effduration"": 2652, ""distance"": 4.65, ""calories"": 340}"
2023-12-24 18:50:00,Swimming,"{""effduration"": 2171, ""distance"": 6.55, ""calories"": 293}"
2023-12-25 18:20:00,Cycling,"{""effduration"": 2507, ""distance"": 3.11, ""calories"": 356}"
2023-12-25 17:20:00,Yoga,"{""effduration"": 3426, ""distance"": 6.98, ""calories"": 442}"
2023-12-27 19:00:00,Hiking,"{""effduration"": 2536, ""distance"": 7.21, ""calories"": 330}"
2023-12-27 07:10:00,Strength training,"{""effduration"": 2103, ""distance"": 4.73, ""calories"": 210}"
2024-01-02 17:20:00,Yoga,"{""effduration"": 3415, ""distance"": 6.99, ""calories"": 140}"
2024-01-02 17:00:00,Cycling,"{""effduration"": 1750, ""distance"": 1.52, ""calories"": 350}"
2024-01-03 19:30:00,Cycling,"{""effduration"": 3322, ""distance"": 4.33, ""calories"": 149}"
2024-01-10 06:40:00,Strength training,"{""effduration"": 3402, ""distance"": 7.01, ""calories"": 376}"
2024-01-11 18:00:00,Swimming,"{""effduration"": 1473, ""distance"": 1.87, ""calories"": 344}"
2024-01-13 08:50:00,Hiking,"{""effduration"": 2951, ""distance"": 3.69, ""calories"": 418}"
2024-01-14 08:50:00,Walking,"{""effduration"": 1689, ""distance"": 6.74, ""calories"": 316}"
2024-01-15 19:20:00,Walking,"{""effduration"": 2902, ""distance"": 4.71, ""calories"": 305}"
2024-01-15 19:40:00,Hiking,"{""effduration"": 2381, ""distance"": 3.99, ""calories"": 385}"
2024-01-18 17:40:00,Hiking,"{""effduration"": 4178, ""distance"": 6.1, ""calories"": 354}"
2024-01-24 08:50:00,Walking,"{""effduration"": 3117, ""distance"": 4.2, ""calories"": 362}"
2024-01-26 18:20:00,Swimming,"{""effduration"": 1978, ""distance"": 4.03, ""calories"": 140}"
2024-01-26 07:30:00,Yoga,"{""effduration"": 3045, ""distance"": 2.2, ""calories"": 440}"
2024-01-27 19:00:00,Swimming,"{""effduration"": 3082, ""distance"": 4.52, ""calories"": 413}"
2024-01-28 08:00:00,Cycling,"{""effduration"": 1027, ""distance"": 7.6, ""calories"": 275}"
2024-02-02 17:10:00,Hiking,"{""effduration"": 2254, ""distance"": 4.34, ""calories"": 389}"
2024-02-03 06:30:00,Swimming,"{""effduration"": 4703, ""distance"": 5.05, ""calories"": 292}"
2024-02-06 17:00:00,Swimming,"{""effduration"": 4530, ""distance"": 5.19, ""calories"": 160}"
2024-02-09 08:20:00,Swimming,"{""effduration"": 1799, ""distance"": 4.41, ""calories"": 549}"
2024-02-15 19:50:00,Running,"{""effduration"": 3156, ""distance"": 1.27, ""calories"": 393}"
2024-02-19 06:10:00,Strength training,"{""effduration"": 1495, ""distance"": 3.27, ""calories"": 290}"
2024-02-20 18:20:00,Yoga,"{""effduration"": 3923, ""distance"": 2.39, ""calories"": 356}"
2024-02-21 19:00:00,Walking,"{""effduration"": 3261, ""distance"": 6.96, ""calories"": 385}"
2024-02-22 19:20:00,Hiking,"{""effduration"": 3831, ""distance"": 5.34, ""calories"": 163}"
2024-02-23 07:50:00,Hiking,"{""effduration"": 3697, ""distance"": 5.31, ""calories"": 237}"
2024-02-25 18:00:00,Running,"{""effduration"": 3889, ""distance"": 4.54, ""calories"": 425}"
2024-02-28 06:00:00,Strength training,"{""effduration"": 2377, ""distance"": 1.63, ""calories"": 355}"
2024-03-05 06:10:00,Running,"{""effduration"": 2072, ""distance"": 3.38, ""calories"": 429}"
2024-03-08 17:30:00,Swimming,"{""effduration"": 3117, ""distance"": 5.19, ""calories"": 557}"
2024-03-09 18:20:00,Cycling,"{""effduration"": 3820, ""distance"": 5.11, ""calories"": 361}"
2024-03-09 19:10:00,Hiking,"{""effduration"": 2442, ""distance"": 4.59, ""calories"": 442}"
2024-03-10 07:10:00,Yoga,"{""effduration"": 2546, ""distance"": 4.14, ""calories"": 397}"
2024-03-12 07:30:00,Hiking,"{""effduration"": 3296, ""distance"": 2.49, ""calories"": 165}"
2024-03-13 08:40:00,Walking,"{""effduration"": 2027, ""distance"": 4.92, ""calories"": 490}"
2024-03-16 07:30:00,Walking,"{""effduration"": 4361, ""distance"": 5.81, ""calories"": 455}"
2024-03-17 19:40:00,Strength training,"{""effduration"": 1221, ""distance"": 6.84, ""calories"": 140}"
2024-03-20 08:20:00,Walking,"{""effduration"": 4130, ""distance"": 6.05, ""calories"": 322}"
2024-03-23 18:20:00,Running,"{""effduration"": 2235, ""distance"": 4.37, ""calories"": 291}"
2024-03-23 06:10:00,Walking,"{""effduration"": 2753, ""distance"": 5.75, ""calories"": 224}"
2024-03-27 19:50:00,Yoga,"{""effduration"": 1910, ""distance"": 8.2, ""calories"": 140}"
2024-03-28 06:50:00,Walking,"{""effduration"": 1821, ""distance"": 4.31, ""calories"": 405}"
2024-03-29 17:50:00,Swimming,"{""effduration"": 2330, ""distance"": 3.31, ""calories"": 382}"
2024-03-31 07:30:00,Hiking,"{""effduration"": 2446, ""distance"": 3.25, ""calories"": 253}"
2024-04-02 08:50:00,Walking,"{""effduration"": 3942, ""distance"": 4.57, ""calories"": 513}"
2024-04-02 08:30:00,Swimming,"{""effduration"": 2588, ""distance"": 6.33, ""calories"": 169}"
2024-04-06 07:20:00,Yoga,"{""effduration"": 3658, ""distance"": 2.98, ""calories"": 271}"
2024-04-09 18:00:00,Hiking,"{""effduration"": 2539, ""distance"": 0.8, ""calories"": 449}"
2024-04-09 06:00:00,Swimming,"{""effduration"": 2779, ""distance"": 3.31, ""calories"": 304}"
2024-04-13 19:40:00,Walking,"{""effduration"": 2615, ""distance"": 4.85, ""calories"": 408}"
2024-04-13 18:10:00,Swimming,"{""effduration"": 2284, ""distance"": 3.89, ""calories"": 371}"
2024-04-15 18:10:00,Yoga,"{""effduration"": 3379, ""distance"": 3.14, ""calories"": 345}"
2024-04-17 06:00:00,Yoga,"{""effduration"": 2638, ""distance"": 5.42, ""calories"": 140}"
2024-04-17 19:20:00,Yoga,"{""effduration"": 2329, ""distance"": 4.7, ""calories"": 204}"
2024-04-20 18:30:00,Walking,"{""effduration"": 2887, ""distance"": 6.32, ""calories"": 471}"
2024-04-21 17:50:00,Walking,"{""effduration"": 3153, ""distance"": 6.31, ""calories"": 381}"
2024-04-27 08:20:00,Hiking,"{""effduration"": 3115, ""distance"": 8.4, ""calories"": 228}"
2024-04-28 18:40:00,Yoga,"{""effduration"": 3658, ""distance"": 4.63, ""calories"": 318}"
2024-04-28 19:00:00,Running,"{""effduration"": 2318, ""distance"": 5.2, ""calories"": 516}"
2024-04-29 18:40:00,Swimming,"{""effduration"": 930, ""distance"": 7.03, ""calories"": 478}"
2024-04-30 18:20:00,Hiking,"{""effduration"": 2306, ""distance"": 6.13, ""calories"": 407}"
2024-05-03 17:00:00,Yoga,"{""effduration"": 2251, ""distance"": 6.78, ""calories"": 381}"
2024-05-06 19:00:00,Strength training,"{""effduration"": 1684, ""distance"": 5.41, ""calories"": 360}"
2024-05-06 08:30:00,Strength training,"{""effduration"": 1429, ""distance"": 6.68, ""calories"": 364}"
2024-05-07 17:10:00,Swimming,"{""effduration"": 1893, ""distance"": 6.29, ""calories"": 223}"
2024-05-10 07:50:00,Strength training,"{""effduration"": 3341, ""distance"": 6.95, ""calories"": 146}"
2024-05-14 08:40:00,Swimming,"{""effduration"": 4120, ""distance"": 4.18, ""calories"": 590}"
2024-05-14 17:40:00,Walking,"{""effduration"": 2810, ""distance"": 4.18, ""calories"": 648}"
2024-05-17 17:20:00,Walking,"{""effduration"": 2673, ""distance"": 6.85, ""calories"": 269}"
2024-05-22 06:30:00,Cycling,"{""effduration"": 2362, ""distance"": 7.99, ""calories"": 519}"
2024-05-27 19:40:00,Walking,"{""effduration"": 2789, ""distance"": 3.56, ""calories"": 140}"
2024-05-29 08:40:00,Running,"{""effduration"": 3009, ""distance"": 4.85, ""calories"": 408}"
2024-05-31 17:00:00,Running,"{""effduration"": 2964, ""distance"": 3.56, ""calories"": 464}"
2024-06-02 18:00:00,Walking,"{""effduration"": 4137, ""distance"": 4.7, ""calories"": 619}"
2024-06-06 06:10:00,Walking,"{""effduration"": 3084, ""distance"": 6.35, ""calories"": 192}"
2024-06-06 08:00:00,Hiking,"{""effduration"": 2527, ""distance"": 6.2, ""calories"": 337}"
2024-06-09 18:00:00,Strength training,"{""effduration"": 3254, ""distance"": 5.13, ""calories"": 158}"
2024-06-10 07:10:00,Running,"{""effduration"": 2452, ""distance"": 4.1, ""calories"": 358}"
2024-06-11 07:20:00,Running,"{""effduration"": 2584, ""distance"": 4.89, ""calories"": 459}"
2024-06-13 18:40:00,Yoga,"{""effduration"": 2481, ""distance"": 2.59, ""calories"": 530}"
2024-06-16 18:50:00,Hiking,"{""effduration"": 1943, ""distance"": 4.46, ""calories"": 159}"
2024-06-19 06:50:00,Cycling,"{""effduration"": 2016, ""distance"": 7.92, ""calories"": 378}"
2024-06-21 07:10:00,Walking,"{""effduration"": 3372, ""distance"": 7.67, ""calories"": 340}"
2024-06-21 18:20:00,Cycling,"{""effduration"": 4499, ""distance"": 3.58, ""calories"": 384}"
2024-06-22 19:50:00,Swimming,"{""effduration"": 2803, ""distance"": 3.94, ""calories"": 327}"
2024-06-29 18:10:00,Cycling,"{""effduration"": 3104, ""distance"": 8.5, ""calories"": 338}"
2024-06-30 17:50:00,Strength training,"{""effduration"": 3197, ""distance"": 6.92, ""calories"": 318}"
2024-07-01 18:10:00,Yoga,"{""effduration"": 4433, ""distance"": 2.16, ""calories"": 285}"
2024-07-02 18:20:00,Cycling,"{""effduration"": 2768, ""distance"": 5.58, ""calories"": 344}"
2024-07-03 19:30:00,Hiking,"{""effduration"": 1670, ""distance"": 8.96, ""calories"": 148}"
2024-07-04 06:40:00,Swimming,"{""effduration"": 3316, ""distance"": 5.84, ""calories"": 394}"
2024-07-07 07:10:00,Strength training,"{""effduration"": 3748, ""distance"": 4.46, ""calories"": 350}"
2024-07-09 06:10:00,Running,"{""effduration"": 2871, ""distance"": 0.9, ""calories"": 324}"
2024-07-09 18:10:00,Swimming,"{""effduration"": 2996, ""distance"": 0.97, ""calories"": 248}"
2024-07-10 06:30:00,Running,"{""effduration"": 3142, ""distance"": 5.08, ""calories"": 203}"
2024-07-14 08:20:00,Running,"{""effduration"": 2024, ""distance"": 6.57, ""calories"": 426}"
2024-07-15 08:50:00,Strength training,"{""effduration"": 2583, ""distance"": 5.81, ""calories"": 353}"
2024-07-17 18:10:00,Swimming,"{""effduration"": 3668, ""distance"": 7.32, ""calories"": 437}"
2024-07-20 18:00:00,Walking,"{""effduration"": 2330, ""distance"": 3.53, ""calories"": 390}"
2024-07-22 08:30:00,Swimming,"{""effduration"": 2556, ""distance"": 5.89, ""calories"": 140}"
2024-07-23 06:40:00,Yoga,"{""effduration"": 1960, ""distance"": 4.76, ""calories"": 360}"
2024-07-25 07:30:00,Swimming,"{""effduration"": 2337, ""distance"": 3.63, ""calories"": 248}"
2024-07-25 07:40:00,Cycling,"{""effduration"": 3725, ""distance"": 5.45, ""calories"": 446}"
2024-07-29 17:20:00,Swimming,"{""effduration"": 3090, ""distance"": 4.17, ""calories"": 239}"
2024-07-30 18:50:00,Walking,"{""effduration"": 2746, ""distance"": 6.14, ""calories"": 303}"
2024-07-31 07:10:00,Hiking,"{""effduration"": 2351, ""distance"": 5.1, ""calories"": 371}"
2024-07-31 08:20:00,Walking,"{""effduration"": 2847, ""distance"": 4.83, ""calories"": 366}"
2024-08-02 17:50:00,Cycling,"{""effduration"": 3356, ""distance"": 5.34, ""calories"": 305}"
2024-08-04 08:30:00,Running,"{""effduration"": 2914, ""distance"": 6.74, ""calories"": 167}"
2024-08-04 08:30:00,Strength training,"{""effduration"": 5150, ""distance"": 2.47, ""calories"": 363}"
2024-08-05 17:00:00,Hiking,"{""effduration"": 3050, ""distance"": 6.64, ""calories"": 285}"
2024-08-06 18:30:00,Running,"{""effduration"": 4015, ""distance"": 5.01, ""calories"": 301}"
2024-08-06 08:30:00,Strength training,"{""effduration"": 3446, ""distance"": 5.74, ""calories"": 405}"
2024-08-10 19:50:00,Strength training,"{""effduration"": 3292, ""distance"": 2.87, ""calories"": 401}"
2024-08-11 08:30:00,Yoga,"{""effduration"": 3410, ""distance"": 7.77, ""calories"": 357}"
2024-08-12 07:00:00,Yoga,"{""effduration"": 2136, ""distance"": 6.16, ""calories"": 166}"
2024-08-12 17:50:00,Cycling,"{""effduration"": 2831, ""distance"": 3.51, ""calories"": 401}"
2024-08-17 18:00:00,Hiking,"{""effduration"": 2161, ""distance"": 5.4, ""calories"": 264}"
2024-08-21 06:10:00,Strength training,"{""effduration"": 3382, ""distance"": 2.64, ""calories"": 346}"
2024-08-23 18:10:00,Cycling,"{""effduration"": 1711, ""distance"": 2.56, ""calories"": 276}"
2024-08-27 08:10:00,Yoga,"{""effduration"": 2471, ""distance"": 4.58, ""calories"": 404}"
2024-08-30 17:40:00,Hiking,"{""effduration"": 1376, ""distance"": 2.97, ""calories"": 274}"
2024-08-30 17:20:00,Strength training,"{""effduration"": 4401, ""distance"": 4.12, ""calories"": 619}"
2024-09-03 08:10:00,Cycling,"{""effduration"": 1920, ""distance"": 5.99, ""calories"": 326}"
2024-09-03 18:20:00,Walking,"{""effduration"": 1007, ""distance"": 3.89, ""calories"": 382}"
2024-09-06 08:00:00,Yoga,"{""effduration"": 2924, ""distance"": 1.83, ""calories"": 318}"
2024-09-06 06:40:00,Walking,"{""effduration"": 3428, ""distance"": 4.92, ""calories"": 466}"
2024-09-07 19:50:00,Yoga,"{""effduration"": 3063, ""distance"": 4.37, ""calories"": 282}"
2024-09-09 06:40:00,Walking,"{""effduration"": 1256, ""distance"": 3.84, ""calories"": 321}"
2024-09-09 17:50:00,Strength training,"{""effduration"": 1862, ""distance"": 6.3, ""calories"": 336}"
2024-09-11 19:40:00,Swimming,"{""effduration"": 1882, ""distance"": 7.47, ""calories"": 310}"
2024-09-11 19:30:00,Cycling,"{""effduration"": 1693, ""distance"": 2.04, ""calories"": 201}"
2024-09-14 18:30:00,Strength training,"{""effduration"": 2512, ""distance"": 8.24, ""calories"": 402}"
2024-09-17 06:10:00,Hiking,"{""effduration"": 4045, ""distance"": 5.14, ""calories"": 331}"
2024-09-18 07:00:00,Walking,"{""effduration"": 3049, ""distance"": 6.05, ""calories"": 629}"
2024-09-19 17:40:00,Swimming,"{""effduration"": 1999, ""distance"": 6.25, ""calories"": 178}"
2024-09-20 19:20:00,Walking,"{""effduration"": 2152, ""distance"": 5.68, ""calories"": 498}"
2024-09-20 07:00:00,Walking,"{""effduration"": 3520, ""distance"": 4.49, ""calories"": 259}"
2024-09-22 07:20:00,Walking,"{""effduration"": 3005, ""distance"": 3.7, ""calories"": 289}"
2024-09-22 17:30:00,Walking,"{""effduration"": 4085, ""distance"": 5.87, ""calories"": 365}"
2024-09-23 19:10:00,Strength training,"{""effduration"": 2804, ""distance"": 2.45, ""calories"": 326}"
2024-09-27 07:30:00,Yoga,"{""effduration"": 5532, ""distance"": 5.43, ""calories"": 435}"
2024-10-03 08:00:00,Swimming,"{""effduration"": 3283, ""distance"": 3.38, ""calories"": 305}"
2024-10-03 19:40:00,Strength training,"{""effduration"": 3807, ""distance"": 4.52, ""calories"": 493}"
2024-10-08 18:20:00,Yoga,"{""effduration"": 3080, ""distance"": 7.62, ""calories"": 397}"
2024-10-08 06:20:00,Swimming,"{""effduration"": 1588, ""distance"": 9.56, ""calories"": 445}"
2024-10-09 06:30:00,Hiking,"{""effduration"": 1879, ""distance"": 3.31, ""calories"": 242}"
2024-10-10 19:30:00,Strength training,"{""effduration"": 2647, ""distance"": 4.58, ""calories"": 380}"
2024-10-10 19:30:00,Strength training,"{""effduration"": 2168, ""distance"": 6.6, ""calories"": 140}"
2024-10-11 19:20:00,Walking,"{""effduration"": 2878, ""distance"": 6.17, ""calories"": 238}"
2024-10-12 19:50:00,Hiking,"{""effduration"": 1941, ""distance"": 5.15, ""calories"": 381}"
2024-10-13 18:40:00,Swimming,"{""effduration"": 1749, ""distance"": 4.79, ""calories"": 361}"
2024-10-13 06:00:00,Swimming,"{""effduration"": 3609, ""distance"": 4.12, ""calories"": 360}"
2024-10-16 17:20:00,Yoga,"{""effduration"": 3679, ""distance"": 4.13, ""calories"": 246}"
2024-10-19 19:50:00,Yoga,"{""effduration"": 2904, ""distance"": 4.6, ""calories"": 352}"
2024-10-23 08:00:00,Swimming,"{""effduration"": 4296, ""distance"": 2.32, ""calories"": 444}"
2024-10-25 08:00:00,Running,"{""effduration"": 1469, ""distance"": 2.92, ""calories"": 287}"
2024-10-28 07:00:00,Swimming,"{""effduration"": 2260, ""distance"": 3.58, ""calories"": 457}"
2024-10-29 17:20:00,Walking,"{""effduration"": 3801, ""distance"": 6.16, ""calories"": 285}"
2024-10-31 19:00:00,Cycling,"{""effduration"": 3148, ""distance"": 7.74, ""calories"": 407}"
2024-11-06 19:40:00,Cycling,"{""effduration"": 2942, ""distance"": 6.54, ""calories"": 392}"
2024-11-06 07:30:00,Running,"{""effduration"": 3344, ""distance"": 4.83, ""calories"": 346}"
2024-11-07 19:50:00,Walking,"{""effduration"": 2021, ""distance"": 3.57, ""calories"": 470}"
2024-11-09 18:30:00,Swimming,"{""effduration"": 2134, ""distance"": 4.81, ""calories"": 288}"
2024-11-09 18:50:00,Yoga,"{""effduration"": 1992, ""distance"": 4.83, ""calories"": 359}"
2024-11-13 17:40:00,Cycling,"{""effduration"": 3926, ""distance"": 6.67, ""calories"": 373}"
2024-11-13 07:00:00,Strength training,"{""effduration"": 1858, ""distance"": 4.63, ""calories"": 620}"
2024-11-14 07:30:00,Running,"{""effduration"": 3020, ""distance"": 3.12, ""calories"": 457}"
2024-11-14 08:10:00,Cycling,"{""effduration"": 3029, ""distance"": 3.44, ""calories"": 271}"
2024-11-16 17:10:00,Swimming,"{""effduration"": 3070, ""distance"": 4.54, ""calories"": 271}"
2024-11-16 17:50:00,Walking,"{""effduration"": 2778, ""distance"": 5.5, ""calories"": 218}"
2024-11-18 06:10:00,Cycling,"{""effduration"": 2992, ""distance"": 4.69, ""calories"": 200}"
2024-11-20 07:20:00,Cycling,"{""effduration"": 2148, ""distance"": 8.4, ""calories"": 323}"
2024-11-20 19:30:00,Walking,"{""effduration"": 4027, ""distance"": 6.0, ""calories"": 354}"
2024-11-21 07:10:00,Swimming,"{""effduration"": 3963, ""distance"": 6.17, ""calories"": 140}"
2024-11-22 06:30:00,Swimming,"{""effduration"": 3044, ""distance"": 4.75, ""calories"": 278}"
2024-11-29 08:40:00,Walking,"{""effduration"": 1834, ""distance"": 2.52, ""calories"": 408}"
2024-12-07 17:40:00,Running,"{""effduration"": 2117, ""distance"": 3.6, ""calories"": 583}"
2024-12-08 07:20:00,Strength training,"{""effduration"": 3056, ""distance"": 5.34, ""calories"": 209}"
2024-12-08 19:00:00,Swimming,"{""effduration"": 3200, ""distance"": 6.48, ""calories"": 155}"
2024-12-10 18:50:00,Strength training,"{""effduration"": 2061, ""distance"": 4.13, ""calories"": 336}"
2024-12-11 07:20:00,Swimming,"{""effduration"": 2062, ""distance"": 5.88, ""calories"": 615}"
2024-12-12 17:50:00,Yoga,"{""effduration"": 3227, ""distance"": 4.57, ""calories"": 404}"
2024-12-12 19:40:00,Swimming,"{""effduration"": 2056, ""distance"": 6.4, ""calories"": 462}"
2024-12-14 19:30:00,Yoga,"{""effduration"": 3246, ""distance"": 5.54, ""calories"": 397}"
2024-12-17 08:20:00,Cycling,"{""effduration"": 3187, ""distance"": 5.77, ""calories"": 485}"
2024-12-20 06:10:00,Swimming,"{""effduration"": 2260, ""distance"": 6.6, ""calories"": 321}"
2024-12-22 17:00:00,Cycling,"{""effduration"": 2072, ""distance"": 6.32, ""calories"": 216}"
2024-12-25 06:10:00,Walking,"{""effduration"": 4152, ""distance"": 0.8, ""calories"": 249}"
2024-12-28 08:40:00,Walking,"{""effduration"": 1940, ""distance"": 3.76, ""calories"": 290}"
2024-12-28 07:40:00,Cycling,"{""effduration"": 2092, ""distance"": 5.48, ""calories"": 247}"
2024-12-30 08:40:00,Strength training,"{""effduration"": 2277, ""distance"": 2.34, ""calories"": 185}"
2024-12-31 18:00:00,Yoga,"{""effduration"": 2293, ""distance"": 6.71, ""calories"": 512}"
2025-01-08 07:20:00,Walking,"{""effduration"": 1508, ""distance"": 2.2, ""calories"": 259}"
2025-01-08 17:20:00,Yoga,"{""effduration"": 3534, ""distance"": 6.36, ""calories"": 556}"
2025-01-09 18:20:00,Walking,"{""effduration"": 3695, ""distance"": 4.31, ""calories"": 596}"
2025-01-09 06:20:00,Swimming,"{""effduration"": 1451, ""distance"": 5.45, ""calories"": 301}"
2025-01-10 06:40:00,Running,"{""effduration"": 2425, ""distance"": 4.67, ""calories"": 278}"
2025-01-12 08:30:00,Walking,"{""effduration"": 4110, ""distance"": 7.47, ""calories"": 404}"
2025-01-13 06:10:00,Running,"{""effduration"": 3804, ""distance"": 4.21, ""calories"": 342}"
2025-01-13 19:40:00,Strength training,"{""effduration"": 2172, ""distance"": 4.25, ""calories"": 140}"
2025-01-17 08:10:00,Cycling,"{""effduration"": 2111, ""distance"": 4.6, ""calories"": 271}"
2025-01-18 19:30:00,Walking,"{""effduration"": 3950, ""distance"": 4.86, ""calories"": 231}"
2025-01-19 08:10:00,Swimming,"{""effduration"": 2064, ""distance"": 6.12, ""calories"": 466}"
2025-01-20 07:00:00,Swimming,"{""effduration"": 3658, ""distance"": 5.7, ""calories"": 464}"
2025-01-21 07:20:00,Cycling,"{""effduration"": 3140, ""distance"": 3.17, ""calories"": 437}"
2025-01-21 08:10:00,Hiking,"{""effduration"": 2758, ""distance"": 1.92, ""calories"": 446}"
2025-01-22 17:30:00,Walking,"{""effduration"": 3397, ""distance"": 6.23, ""calories"": 278}"
2025-01-28 07:30:00,Strength training,"{""effduration"": 2728, ""distance"": 4.5, ""calories"": 535}"
2025-01-31 08:50:00,Cycling,"{""effduration"": 2868, ""distance"": 5.05, ""calories"": 410}"
2025-01-31 19:20:00,Running,"{""effduration"": 3229, ""distance"": 4.94, ""calories"": 294}"
2025-02-01 08:20:00,Hiking,"{""effduration"": 2372, ""distance"": 6.88, ""calories"": 250}"
2025-02-01 06:00:00,Yoga,"{""effduration"": 3057, ""distance"": 9.52, ""calories"": 161}"
2025-02-02 06:00:00,Cycling,"{""effduration"": 1365, ""distance"": 2.43, ""calories"": 604}"
2025-02-02 18:50:00,Hiking,"{""effduration"": 3617, ""distance"": 4.68, ""calories"": 274}"
2025-02-04 07:40:00,Yoga,"{""effduration"": 3054, ""distance"": 7.91, ""calories"": 338}"
2025-02-05 19:50:00,Hiking,"{""effduration"": 2681, ""distance"": 4.55, ""calories"": 409}"
2025-02-05 06:00:00,Walking,"{""effduration"": 3169, ""distance"": 4.33, ""calories"": 350}"
2025-02-06 07:00:00,Strength training,"{""effduration"": 2594, ""distance"": 2.83, ""calories"": 321}"
2025-02-06 08:40:00,Walking,"{""effduration"": 3186, ""distance"": 7.23, ""calories"": 392}"
2025-02-09 08:10:00,Hiking,"{""effduration"": 3180, ""distance"": 6.01, ""calories"": 471}"
2025-02-15 19:50:00,Swimming,"{""effduration"": 2998, ""distance"": 5.96, ""calories"": 569}"
2025-02-16 08:20:00,Yoga,"{""effduration"": 3531, ""distance"": 6.75, ""calories"": 140}"
2025-02-17 18:20:00,Cycling,"{""effduration"": 3187, ""distance"": 6.5, ""calories"": 409}"
2025-02-17 07:10:00,Running,"{""effduration"": 1860, ""distance"": 1.67, ""calories"": 220}"
2025-02-19 08:50:00,Cycling,"{""effduration"": 3240, ""distance"": 3.44, ""calories"": 336}"
2025-02-21 17:10:00,Walking,"{""effduration"": 2161, ""distance"": 4.42, ""calories"": 232}"
2025-02-24 08:40:00,Cycling,"{""effduration"": 3834, ""distance"": 3.71, ""calories"": 313}"
2025-02-24 19:30:00,Yoga,"{""effduration"": 2734, ""distance"": 5.05, ""calories"": 367}"
2025-02-25 08:40:00,Yoga,"{""effduration"": 1545, ""distance"": 4.84, ""calories"": 308}"
2025-02-25 19:40:00,Cycling,"{""effduration"": 3022, ""distance"": 3.43, ""calories"": 471}"
2025-02-26 06:40:00,Walking,"{""effduration"": 3607, ""distance"": 3.01, ""calories"": 399}"
2025-02-27 17:30:00,Swimming,"{""effduration"": 2896, ""distance"": 7.99, ""calories"": 303}"
2025-02-28 08:40:00,Strength training,"{""effduration"": 3915, ""distance"": 5.93, ""calories"": 251}"
2025-03-04 07:50:00,Strength training,"{""effduration"": 2860, ""distance"": 4.88, ""calories"": 304}"
2025-03-04 18:40:00,Running,"{""effduration"": 3000, ""distance"": 7.35, ""calories"": 192}"
2025-03-05 07:40:00,Hiking,"{""effduration"": 2323, ""distance"": 3.5, ""calories"": 469}"
2025-03-05 18:10:00,Yoga,"{""effduration"": 2453, ""distance"": 6.21, ""calories"": 287}"
2025-03-13 19:40:00,Yoga,"{""effduration"": 2285, ""distance"": 4.45, ""calories"": 322}"
2025-03-13 19:20:00,Yoga,"{""effduration"": 2804, ""distance"": 7.8, ""calories"": 377}"
2025-03-14 19:10:00,Yoga,"{""effduration"": 3269, ""distance"": 4.98, ""calories"": 388}"
2025-03-14 06:10:00,Running,"{""effduration"": 2822, ""distance"": 4.32, ""calories"": 252}"
2025-03-17 06:40:00,Walking,"{""effduration"": 3784, ""distance"": 5.75, ""calories"": 513}"
2025-03-21 19:30:00,Running,"{""effduration"": 3825, ""distance"": 3.76, ""calories"": 311}"
2025-03-28 06:30:00,Yoga,"{""effduration"": 4023, ""distance"": 4.27, ""calories"": 498}"
2025-03-31 08:00:00,Cycling,"{""effduration"": 1141, ""distance"": 5.27, ""calories"": 140}"
2025-05-12 19:40:00,Hiking,"{""effduration"": 900, ""distance"": 2.71, ""calories"": 140}"
2025-05-16 08:50:00,Running,"{""effduration"": 2312, ""distance"": 2.14, ""calories"": 498}"
2025-05-16 19:50:00,Cycling,"{""effduration"": 1807, ""distance"": 5.84, ""calories"": 318}"
2025-05-17 17:00:00,Walking,"{""effduration"": 1900, ""distance"": 5.17, ""calories"": 362}"
2025-05-17 06:40:00,Strength training,"{""effduration"": 3746, ""distance"": 6.75, ""calories"": 472}"
2025-05-24 18:00:00,Walking,"{""effduration"": 2059, ""distance"": 1.38, ""calories"": 410}"
2025-05-31 18:10:00,Swimming,"{""effduration"": 2167, ""distance"": 2.91, ""calories"": 423}"
2025-06-02 06:40:00,Running,"{""effduration"": 1702, ""distance"": 5.08, ""calories"": 140}"
2025-06-08 19:20:00,Running,"{""effduration"": 2051, ""distance"": 5.74, ""calories"": 140}"
2025-06-09 19:50:00,Yoga,"{""effduration"": 3173, ""distance"": 5.12, ""calories"": 626}"
2025-06-12 18:10:00,Hiking,"{""effduration"": 3293, ""distance"": 3.53, ""calories"": 445}"
2025-06-12 19:00:00,Cycling,"{""effduration"": 3303, ""distance"": 7.19, ""calories"": 403}"
2025-06-14 06:20:00,Strength training,"{""effduration"": 3021, ""distance"": 5.54, ""calories"": 436}"
2025-06-20 18:50:00,Yoga,"{""effduration"": 2916, ""distance"": 0.8, ""calories"": 352}"
2025-06-21 08:50:00,Walking,"{""effduration"": 2661, ""distance"": 4.04, ""calories"": 296}"
2025-06-28 19:30:00,Hiking,"{""effduration"": 2805, ""distance"": 6.05, ""calories"": 276}"
2025-06-28 17:00:00,Swimming,"{""effduration"": 2253, ""distance"": 1.09, ""calories"": 236}"
2025-07-03 08:10:00,Hiking,"{""effduration"": 1882, ""distance"": 6.09, ""calories"": 140}"
2025-07-04 19:00:00,Strength training,"{""effduration"": 2868, ""distance"": 3.82, ""calories"": 343}"
2025-07-06 19:30:00,Running,"{""effduration"": 2331, ""distance"": 5.93, ""calories"": 308}"
2025-07-09 18:10:00,Cycling,"{""effduration"": 3009, ""distance"": 3.78, ""calories"": 352}"
2025-07-10 17:40:00,Strength training,"{""effduration"": 3242, ""distance"": 4.46, ""calories"": 192}"
2025-07-10 07:40:00,Swimming,"{""effduration"": 2672, ""distance"": 3.17, ""calories"": 440}"
2025-07-14 18:30:00,Strength training,"{""effduration"": 3864, ""distance"": 5.59, ""calories"": 367}"
2025-07-14 19:10:00,Cycling,"{""effduration"": 3249, ""distance"": 2.31, ""calories"": 297}"
2025-07-17 19:50:00,Swimming,"{""effduration"": 2844, ""distance"": 3.95, ""calories"": 219}"
2025-07-19 08:40:00,Yoga,"{""effduration"": 1659, ""distance"": 6.09, ""calories"": 538}"
2025-07-19 19:20:00,Running,"{""effduration"": 1818, ""distance"": 8.68, ""calories"": 324}"
2025-07-21 08:30:00,Walking,"{""effduration"": 3337, ""distance"": 2.68, ""calories"": 223}"
2025-07-22 18:00:00,Swimming,"{""effduration"": 3399, ""distance"": 4.41, ""calories"": 216}"
2025-07-23 19:40:00,Cycling,"{""effduration"": 2930, ""distance"": 5.7, ""calories"": 577}"
2025-07-24 08:50:00,Strength training,"{""effduration"": 1759, ""distance"": 6.02, ""calories"": 140}"
2025-07-25 08:50:00,Yoga,"{""effduration"": 2296, ""distance"": 6.95, ""calories"": 140}"
2025-07-26 19:10:00,Running,"{""effduration"": 2251, ""distance"": 4.66, ""calories"": 268}"
2025-07-26 07:20:00,Strength training,"{""effduration"": 2961, ""distance"": 3.01, ""calories"": 431}"
2025-07-27 17:20:00,Running,"{""effduration"": 2334, ""distance"": 4.44, ""calories"": 335}"
2025-07-28 06:40:00,Strength training,"{""effduration"": 2610, ""distance"": 4.85, ""calories"": 151}"
2025-08-01 07:40:00,Yoga,"{""effduration"": 3178, ""distance"": 0.8, ""calories"": 391}"
2025-08-02 19:00:00,Strength training,"{""effduration"": 2531, ""distance"": 4.04, ""calories"": 436}"
2025-08-06 18:10:00,Swimming,"{""effduration"": 3571, ""distance"": 6.36, ""calories"": 374}"
2025-08-09 06:30:00,Swimming,"{""effduration"": 2387, ""distance"": 7.01, ""calories"": 219}"
2025-08-12 07:30:00,Hiking,"{""effduration"": 4524, ""distance"": 7.56, ""calories"": 227}"
2025-08-14 17:40:00,Strength training,"{""effduration"": 3191, ""distance"": 0.8, ""calories"": 549}"
2025-08-15 08:50:00,Walking,"{""effduration"": 2920, ""distance"": 5.31, ""calories"": 204}"
2025-08-17 19:00:00,Strength training,"{""effduration"": 2724, ""distance"": 2.31, ""calories"": 348}"
2025-08-18 06:00:00,Hiking,"{""effduration"": 2654, ""distance"": 5.19, ""calories"": 481}"
2025-08-20 17:20:00,Swimming,"{""effduration"": 2130, ""distance"": 6.33, ""calories"": 498}"
2025-08-21 08:10:00,Strength training,"{""effduration"": 3785, ""distance"": 4.65, ""calories"": 493}"
2025-08-24 06:20:00,Yoga,"{""effduration"": 2012, ""distance"": 4.2, ""calories"": 267}"
2025-08-24 08:00:00,Yoga,"{""effduration"": 4426, ""distance"": 4.6, ""calories"": 457}"
2025-08-26 19:20:00,Swimming,"{""effduration"": 3120, ""distance"": 2.89, ""calories"": 379}"
2025-08-28 08:20:00,Hiking,"{""effduration"": 3838, ""distance"": 5.58, ""calories"": 473}"
2025-08-29 19:50:00,Yoga,"{""effduration"": 2529, ""distance"": 1.44, ""calories"": 173}"
2025-08-30 17:50:00,Strength training,"{""effduration"": 2663, ""distance"": 5.99, ""calories"": 140}"
2025-09-03 18:00:00,Swimming,"{""effduration"": 3333, ""distance"": 2.37, ""calories"": 451}"
2025-09-03 08:50:00,Yoga,"{""effduration"": 2013, ""distance"": 6.65, ""calories"": 239}"
2025-09-04 07:30:00,Walking,"{""effduration"": 2544, ""distance"": 4.13, ""calories"": 348}"
2025-09-05 07:40:00,Running,"{""effduration"": 2290, ""distance"": 4.63, ""calories"": 269}"
2025-09-08 07:50:00,Running,"{""effduration"": 900, ""distance"": 3.33, ""calories"": 424}"
2025-09-12 18:40:00,Running,"{""effduration"": 2523, ""distance"": 2.38, ""calories"": 325}"
2025-09-14 07:30:00,Yoga,"{""effduration"": 4026, ""distance"": 7.04, ""calories"": 274}"
2025-09-15 07:00:00,Swimming,"{""effduration"": 2860, ""distance"": 5.48, ""calories"": 414}"
2025-09-16 17:00:00,Hiking,"{""effduration"": 900, ""distance"": 6.54, ""calories"": 550}"
2025-09-17 08:00:00,Running,"{""effduration"": 2397, ""distance"": 5.05, ""calories"": 303}"
2025-09-17 06:10:00,Swimming,"{""effduration"": 3515, ""distance"": 5.36, ""calories"": 461}"
2025-09-18 08:40:00,Hiking,"{""effduration"": 2775, ""distance"": 5.94, ""calories"": 317}"
2025-09-19 18:00:00,Walking,"{""effduration"": 2425, ""distance"": 5.46, ""calories"": 384}"
2025-09-19 07:10:00,Cycling,"{""effduration"": 3404, ""distance"": 7.26, ""calories"": 281}"
2025-09-21 07:50:00,Hiking,"{""effduration"": 3279, ""distance"": 4.68, ""calories"": 380}"
2025-09-21 19:30:00,Walking,"{""effduration"": 1262, ""distance"": 4.47, ""calories"": 301}"
2025-09-24 18:20:00,Yoga,"{""effduration"": 2519, ""distance"": 3.37, ""calories"": 580}"
2025-09-25 07:10:00,Walking,"{""effduration"": 2505, ""distance"": 1.82, ""calories"": 180}"
2025-09-25 17:20:00,Running,"{""effduration"": 2032, ""distance"": 5.86, ""calories"": 140}"
2025-09-26 17:10:00,Swimming,"{""effduration"": 2303, ""distance"": 4.67, ""calories"": 434}"
2025-09-27 19:20:00,Running,"{""effduration"": 2921, ""distance"": 5.29, ""calories"": 407}"
2025-09-27 07:50:00,Running,"{""effduration"": 3956, ""distance"": 1.96, ""calories"": 430}"
2025-09-29 06:00:00,Strength training,"{""effduration"": 2123, ""distance"": 4.9, ""calories"": 568}"
2025-09-29 07:20:00,Walking,"{""effduration"": 4137, ""distance"": 2.33, ""calories"": 406}"
2025-10-04 18:40:00,Hiking,"{""effduration"": 2757, ""distance"": 1.3, ""calories"": 479}"
2025-10-05 19:30:00,Strength training,"{""effduration"": 2023, ""distance"": 4.47, ""calories"": 329}"
2025-10-09 18:50:00,Cycling,"{""effduration"": 1671, ""distance"": 6.86, ""calories"": 236}"
2025-10-09 18:20:00,Swimming,"{""effduration"": 3679, ""distance"": 3.32, ""calories"": 140}"
2025-10-10 18:50:00,Swimming,"{""effduration"": 2417, ""distance"": 3.31, ""calories"": 313}"
2025-10-12 19:40:00,Walking,"{""effduration"": 2787, ""distance"": 2.68, ""calories"": 221}"
2025-10-12 18:10:00,Hiking,"{""effduration"": 3337, ""distance"": 5.82, ""calories"": 357}"
2025-10-13 18:20:00,Strength training,"{""effduration"": 2809, ""distance"": 6.01, ""calories"": 140}"
2025-10-13 08:50:00,Yoga,"{""effduration"": 2068, ""distance"": 3.99, ""calories"": 238}"
2025-10-15 19:20:00,Yoga,"{""effduration"": 2742, ""distance"": 0.8, ""calories"": 355}"
2025-10-16 19:10:00,Walking,"{""effduration"": 2397, ""distance"": 7.4, ""calories"": 648}"
2025-10-17 06:00:00,Hiking,"{""effduration"": 1893, ""distance"": 7.36, ""calories"": 361}"
2025-10-19 07:40:00,Strength training,"{""effduration"": 3851, ""distance"": 8.08, ""calories"": 296}"
2025-10-20 18:30:00,Running,"{""effduration"": 2575, ""distance"": 5.13, ""calories"": 543}"
2025-10-21 18:00:00,Hiking,"{""effduration"": 1632, ""distance"": 1.44, ""calories"": 215}"
2025-10-21 07:00:00,Walking,"{""effduration"": 6059, ""distance"": 2.08, ""calories"": 299}"
2025-10-22 17:00:00,Strength training,"{""effduration"": 2351, ""distance"": 1.64, ""calories"": 366}"
2025-10-22 07:10:00,Strength training,"{""effduration"": 3283, ""distance"": 4.12, ""calories"": 159}"
2025-10-24 18:40:00,Running,"{""effduration"": 1483, ""distance"": 2.98, ""calories"": 379}"
2025-10-25 06:00:00,Running,"{""effduration"": 2931, ""distance"": 5.02, ""calories"": 337}"
2025-10-26 06:30:00,Strength training,"{""effduration"": 2619, ""distance"": 4.44, ""calories"": 224}"
2025-10-28 08:00:00,Walking,"{""effduration"": 3169, ""distance"": 5.39, ""calories"": 239}"
2025-10-30 17:00:00,Swimming,"{""effduration"": 4581, ""distance"": 7.3, ""calories"": 303}"
2025-11-01 18:00:00,Yoga,"{""effduration"": 2008, ""distance"": 5.04, ""calories"": 499}"
2025-11-05 19:10:00,Hiking,"{""effduration"": 2682, ""distance"": 6.33, ""calories"": 513}"
2025-11-06 19:50:00,Walking,"{""effduration"": 3096, ""distance"": 3.93, ""calories"": 184}"
2025-11-06 06:30:00,Running,"{""effduration"": 2993, ""distance"": 2.88, ""calories"": 337}"
2025-11-07 18:20:00,Swimming,"{""effduration"": 3971, ""distance"": 3.82, ""calories"": 485}"
2025-11-09 08:20:00,Swimming,"{""effduration"": 2656, ""distance"": 4.02, ""calories"": 492}"
2025-11-09 19:50:00,Swimming,"{""effduration"": 4390, ""distance"": 4.92, ""calories"": 149}"
2025-11-10 08:40:00,Swimming,"{""effduration"": 2201, ""distance"": 4.8, ""calories"": 140}"
2025-11-11 08:40:00,Cycling,"{""effduration"": 3112, ""distance"": 0.8, ""calories"": 384}"
2025-11-14 08:00:00,Hiking,"{""effduration"": 3796, ""distance"": 5.19, ""calories"": 402}"
2025-11-15 18:10:00,Strength training,"{""effduration"": 2208, ""distance"": 4.51, ""calories"": 240}"
2025-11-15 17:50:00,Hiking,"{""effduration"": 4613, ""distance"": 6.06, ""calories"": 348}"
2025-11-16 08:20:00,Swimming,"{""effduration"": 4279, ""distance"": 5.49, ""calories"": 381}"
2025-11-16 19:30:00,Walking,"{""effduration"": 2023, ""distance"": 5.06, ""calories"": 440}"
2025-11-17 17:50:00,Cycling,"{""effduration"": 1855, ""distance"": 4.35, ""calories"": 411}"
2025-11-17 07:30:00,Walking,"{""effduration"": 2409, ""distance"": 2.79, ""calories"": 207}"
2025-11-19 06:00:00,Cycling,"{""effduration"": 1044, ""distance"": 4.44, ""calories"": 388}"
2025-11-19 06:10:00,Hiking,"{""effduration"": 2328, ""distance"": 6.51, ""calories"": 435}"
2025-11-20 06:30:00,Cycling,"{""effduration"": 3164, ""distance"": 4.35, ""calories"": 462}"
2025-11-22 06:40:00,Yoga,"{""effduration"": 3016, ""distance"": 3.61, ""calories"": 189}"
2025-11-23 07:30:00,Running,"{""effduration"": 3212, ""distance"": 3.15, ""calories"": 361}"
2025-11-27 06:10:00,Walking,"{""effduration"": 900, ""distance"": 4.34, ""calories"": 565}"
2025-12-01 06:50:00,Yoga,"{""effduration"": 3120, ""distance"": 2.8, ""calories"": 140}"
2025-12-02 18:00:00,Yoga,"{""effduration"": 3615, ""distance"": 7.36, ""calories"": 253}"
2025-12-04 07:40:00,Running,"{""effduration"": 2315, ""distance"": 5.0, ""calories"": 239}"
2025-12-04 18:00:00,Yoga,"{""effduration"": 2071, ""distance"": 3.41, ""calories"": 398}"
2025-12-05 07:50:00,Hiking,"{""effduration"": 1224, ""distance"": 2.96, ""calories"": 298}"
2025-12-06 07:20:00,Yoga,"{""effduration"": 5240, ""distance"": 2.87, ""calories"": 411}"
2025-12-07 17:20:00,Walking,"{""effduration"": 1821, ""distance"": 3.7, ""calories"": 310}"
2025-12-07 18:20:00,Swimming,"{""effduration"": 4604, ""distance"": 6.64, ""calories"": 410}"
2025-12-08 18:30:00,Cycling,"{""effduration"": 900, ""distance"": 4.13, ""calories"": 353}"
2025-12-08 07:00:00,Walking,"{""effduration"": 2502, ""distance"": 4.51, ""calories"": 232}"
2025-12-09 17:30:00,Swimming,"{""effduration"": 4387, ""distance"": 5.83, ""calories"": 239}"
2025-12-10 08:30:00,Swimming,"{""effduration"": 3935, ""distance"": 3.78, ""calories"": 333}"
2025-12-12 19:20:00,Yoga,"{""effduration"": 2477, ""distance"": 6.45, ""calories"": 140}"
2025-12-12 17:30:00,Running,"{""effduration"": 2574, ""distance"": 5.37, ""calories"": 315}"
2025-12-19 07:30:00,Strength training,"{""effduration"": 2193, ""distance"": 5.79, ""calories"": 338}"
2025-12-21 08:40:00,Walking,"{""effduration"": 3781, ""distance"": 5.19, ""calories"": 475}"
2025-12-21 19:30:00,Swimming,"{""effduration"": 3152, ""distance"": 7.99, ""calories"": 225}"
2025-12-22 08:10:00,Cycling,"{""effduration"": 2082, ""distance"": 2.92, ""calories"": 531}"
2025-12-22 08:40:00,Yoga,"{""effduration"": 900, ""distance"": 0.93, ""calories"": 375}"
2025-12-24 06:10:00,Yoga,"{""effduration"": 3400, ""distance"": 8.22, ""calories"": 140}"
2025-12-24 19:40:00,Running,"{""effduration"": 2637, ""distance"": 6.14, ""calories"": 148}"
2025-12-26 06:40:00,Yoga,"{""effduration"": 3575, ""distance"": 5.74, ""calories"": 448}"
2025-12-27 17:40:00,Yoga,"{""effduration"": 1823, ""distance"": 7.36, ""calories"": 374}"
2025-12-30 08:00:00,Swimming,"{""effduration"": 1845, ""distance"": 7.47, ""calories"": 271}"
2025-12-31 19:40:00,Strength training,"{""effduration"": 2120, ""distance"": 4.97, ""calories"": 306}"
2025-12-31 06:30:00,Yoga,"{""effduration"": 3757, ""distance"": 5.01, ""calories"": 358}"
2026-01-02 07:20:00,Cycling,"{""effduration"": 2453, ""distance"": 4.47, ""calories"": 474}"
2026-01-03 08:30:00,Yoga,"{""effduration"": 2952, ""distance"": 5.08, ""calories"": 368}"
2026-01-03 08:20:00,Swimming,"{""effduration"": 1983, ""distance"": 7.68, ""calories"": 409}"
2026-01-07 07:20:00,Swimming,"{""effduration"": 3215, ""distance"": 3.94, ""calories"": 140}"
2026-01-08 08:30:00,Swimming,"{""effduration"": 3058, ""distance"": 3.75, ""calories"": 502}"
2026-01-10 19:30:00,Running,"{""effduration"": 4110, ""distance"": 2.63, ""calories"": 529}"
2026-01-13 18:50:00,Running,"{""effduration"": 3099, ""distance"": 5.0, ""calories"": 382}"
2026-01-15 08:30:00,Hiking,"{""effduration"": 1573, ""distance"": 7.85, ""calories"": 378}"
2026-01-19 17:50:00,Cycling,"{""effduration"": 900, ""distance"": 5.96, ""calories"": 586}"
2026-01-19 07:40:00,Hiking,"{""effduration"": 3049, ""distance"": 3.98, ""calories"": 369}"
2026-01-20 08:50:00,Cycling,"{""effduration"": 1990, ""distance"": 7.34, ""calories"": 257}"
2026-01-21 19:20:00,Walking,"{""effduration"": 3222, ""distance"": 2.22, ""calories"": 379}"
2026-02-03 17:40:00,Walking,"{""effduration"": 2037, ""distance"": 3.99, ""calories"": 176}"
2026-02-03 17:30:00,Walking,"{""effduration"": 2155, ""distance"": 3.9, ""calories"": 362}"
2026-02-04 19:10:00,Hiking,"{""effduration"": 3960, ""distance"": 5.32, ""calories"": 498}"
2026-02-06 08:40:00,Running,"{""effduration"": 2589, ""distance"": 1.88, ""calories"": 485}"
2026-02-07 06:50:00,Swimming,"{""effduration"": 2296, ""distance"": 2.27, ""calories"": 396}"
